{"cameraMode":{"drawMode":0,"name":"Shaded","section":"Shading Mode"},"sceneLighting":true,"audioPlay":false,"sceneViewState":{"showFog":true,"showMaterialUpdate":false,"showSkybox":true,"showFlares":true,"showImageEffects":true,"showParticleSystems":true},"in2DMode":false,"pivot":{"x":2.285141944885254,"y":4.42365837097168,"z":-3.423079490661621},"rotation":{"x":0.25886544585227969,"y":-0.0188339501619339,"z":0.005048131104558706,"w":0.9657179117202759},"size":3.6293234825134279,"orthographic":false}